m,fmt,accum,iter,rel_resid,tol,kind
64,fp32,small,1,0.27926791,1e-06,iter
64,fp32,small,2,0.10619169,1e-06,iter
64,fp32,small,3,0.055433445,1e-06,iter
64,fp32,small,4,0.031962607,1e-06,iter
64,fp32,small,5,0.020928191,1e-06,iter
64,fp32,small,6,0.014177322,1e-06,iter
64,fp32,small,7,0.010116592,1e-06,iter
64,fp32,small,8,0.0076278248,1e-06,iter
64,fp32,small,9,0.0058718026,1e-06,iter
64,fp32,small,10,0.0048158639,1e-06,iter
64,fp32,small,11,0.0040997299,1e-06,iter
64,fp32,small,12,0.0033916021,1e-06,iter
64,fp32,small,13,0.0027924983,1e-06,iter
64,fp32,small,14,0.0023332387,1e-06,iter
64,fp32,small,15,0.0020371396,1e-06,iter
64,fp32,small,16,0.0017403564,1e-06,iter
64,fp32,small,17,0.0015254705,1e-06,iter
64,fp32,small,18,0.0013189981,1e-06,iter
64,fp32,small,19,0.0011502655,1e-06,iter
64,fp32,small,20,0.00099173491,1e-06,iter
64,fp32,small,21,0.00085309806,1e-06,iter
64,fp32,small,22,0.00077046949,1e-06,iter
64,fp32,small,23,0.00068997894,1e-06,iter
64,fp32,small,24,0.000620067,1e-06,iter
64,fp32,small,25,0.00056970137,1e-06,iter
64,fp32,small,26,0.0005341295,1e-06,iter
64,fp32,small,27,0.00049028662,1e-06,iter
64,fp32,small,28,0.0004374726,1e-06,iter
64,fp32,small,29,0.00038314864,1e-06,iter
64,fp32,small,30,0.00033508247,1e-06,iter
64,fp32,small,31,0.00029909521,1e-06,iter
64,fp32,small,32,0.00026830734,1e-06,iter
64,fp32,small,33,0.00024607655,1e-06,iter
64,fp32,small,34,0.00021778293,1e-06,iter
64,fp32,small,35,0.00019217185,1e-06,iter
64,fp32,small,36,0.00017016497,1e-06,iter
64,fp32,small,37,0.00015520545,1e-06,iter
64,fp32,small,38,0.00014121832,1e-06,iter
64,fp32,small,39,0.00012980039,1e-06,iter
64,fp32,small,40,0.00012206061,1e-06,iter
64,fp32,small,41,0.00011434504,1e-06,iter
64,fp32,small,42,0.00010581686,1e-06,iter
64,fp32,small,43,9.675583e-05,1e-06,iter
64,fp32,small,44,9.0304537e-05,1e-06,iter
64,fp32,small,45,8.2984196e-05,1e-06,iter
64,fp32,small,46,7.9711172e-05,1e-06,iter
64,fp32,small,47,8.0805745e-05,1e-06,iter
64,fp32,small,48,7.9566591e-05,1e-06,iter
64,fp32,small,49,7.7904158e-05,1e-06,iter
64,fp32,small,50,7.5386917e-05,1e-06,iter
64,fp32,small,51,7.2647737e-05,1e-06,iter
64,fp32,small,52,7.0601789e-05,1e-06,iter
64,fp32,small,53,6.8212983e-05,1e-06,iter
64,fp32,small,54,6.5080858e-05,1e-06,iter
64,fp32,small,55,6.1450955e-05,1e-06,iter
64,fp32,small,56,5.8731359e-05,1e-06,iter
64,fp32,small,57,5.76743e-05,1e-06,iter
64,fp32,small,58,5.6049965e-05,1e-06,iter
64,fp32,small,59,5.4023818e-05,1e-06,iter
64,fp32,small,60,5.0446964e-05,1e-06,iter
64,fp32,small,61,4.8389218e-05,1e-06,iter
64,fp32,small,62,4.6728986e-05,1e-06,iter
64,fp32,small,63,4.4121953e-05,1e-06,iter
64,fp32,small,64,4.1311021e-05,1e-06,iter
64,fp32,small,65,3.8822254e-05,1e-06,iter
64,fp32,small,66,3.7316087e-05,1e-06,iter
64,fp32,small,67,3.6263475e-05,1e-06,iter
64,fp32,small,68,3.5267261e-05,1e-06,iter
64,fp32,small,69,3.3945973e-05,1e-06,iter
64,fp32,small,70,3.3976896e-05,1e-06,iter
64,fp32,small,71,3.3118205e-05,1e-06,iter
64,fp32,small,72,3.2323929e-05,1e-06,iter
64,fp32,small,73,3.2457585e-05,1e-06,iter
64,fp32,small,74,3.3357403e-05,1e-06,iter
64,fp32,small,75,3.3228771e-05,1e-06,iter
64,fp32,small,76,3.1814314e-05,1e-06,iter
64,fp32,small,77,3.0578307e-05,1e-06,iter
64,fp32,small,78,2.9673081e-05,1e-06,iter
64,fp32,small,79,2.9678467e-05,1e-06,iter
64,fp32,small,80,2.9809351e-05,1e-06,iter
64,fp32,small,81,2.8150846e-05,1e-06,iter
64,fp32,small,82,2.631538e-05,1e-06,iter
64,fp32,small,83,2.4070552e-05,1e-06,iter
64,fp32,small,84,2.1352569e-05,1e-06,iter
64,fp32,small,85,1.9483052e-05,1e-06,iter
64,fp32,small,86,1.7520193e-05,1e-06,iter
64,fp32,small,87,1.6128173e-05,1e-06,iter
64,fp32,small,88,1.496851e-05,1e-06,iter
64,fp32,small,89,1.3904228e-05,1e-06,iter
64,fp32,small,90,1.3442364e-05,1e-06,iter
64,fp32,small,91,1.3845206e-05,1e-06,iter
64,fp32,small,92,1.4508277e-05,1e-06,iter
64,fp32,small,93,1.5241402e-05,1e-06,iter
64,fp32,small,94,1.5953887e-05,1e-06,iter
64,fp32,small,95,1.5842679e-05,1e-06,iter
64,fp32,small,96,1.4847319e-05,1e-06,iter
64,fp32,small,97,1.3261717e-05,1e-06,iter
64,fp32,small,98,1.2441905e-05,1e-06,iter
64,fp32,small,99,1.1955568e-05,1e-06,iter
64,fp32,small,100,1.1150887e-05,1e-06,iter
64,fp32,small,101,1.0400762e-05,1e-06,iter
64,fp32,small,102,1.0020146e-05,1e-06,iter
64,fp32,small,103,9.6536078e-06,1e-06,iter
64,fp32,small,104,9.3382141e-06,1e-06,iter
64,fp32,small,105,8.8496699e-06,1e-06,iter
64,fp32,small,106,8.158423e-06,1e-06,iter
64,fp32,small,107,7.4841792e-06,1e-06,iter
64,fp32,small,108,6.6563589e-06,1e-06,iter
64,fp32,small,109,6.1704341e-06,1e-06,iter
64,fp32,small,110,5.5595833e-06,1e-06,iter
64,fp32,small,111,4.9414029e-06,1e-06,iter
64,fp32,small,112,4.4868366e-06,1e-06,iter
64,fp32,small,113,3.9794027e-06,1e-06,iter
64,fp32,small,114,3.4888697e-06,1e-06,iter
64,fp32,small,115,3.1801226e-06,1e-06,iter
64,fp32,small,116,2.9363705e-06,1e-06,iter
64,fp32,small,117,2.64759e-06,1e-06,iter
64,fp32,small,118,2.5276997e-06,1e-06,iter
64,fp32,small,119,2.4017845e-06,1e-06,iter
64,fp32,small,120,2.2526806e-06,1e-06,iter
64,fp32,small,121,2.1592932e-06,1e-06,iter
64,fp32,small,122,2.0856694e-06,1e-06,iter
64,fp32,small,123,1.964175e-06,1e-06,iter
64,fp32,small,124,1.8295127e-06,1e-06,iter
64,fp32,small,125,1.593254e-06,1e-06,iter
64,fp32,small,126,1.4632736e-06,1e-06,iter
64,fp32,small,127,1.3200505e-06,1e-06,iter
64,fp32,small,128,1.1204356e-06,1e-06,iter
64,fp32,small,129,1.0750083e-06,1e-06,iter
64,fp32,small,130,1.0122635e-06,1e-06,iter
64,fp32,small,131,9.739905e-07,1e-06,iter
64,fp32,small,10,0.0048158653,1e-06,true
64,fp32,small,20,0.00099173398,1e-06,true
64,fp32,small,30,0.00033508145,1e-06,true
64,fp32,small,40,0.00012206488,1e-06,true
64,fp32,small,50,7.5394724e-05,1e-06,true
64,fp32,small,60,5.0446128e-05,1e-06,true
64,fp32,small,70,3.3980607e-05,1e-06,true
64,fp32,small,80,2.9804634e-05,1e-06,true
64,fp32,small,90,1.3443046e-05,1e-06,true
64,fp32,small,100,1.1152762e-05,1e-06,true
64,fp32,small,110,5.5683204e-06,1e-06,true
64,fp32,small,120,2.2753345e-06,1e-06,true
64,fp32,small,130,1.0608543e-06,1e-06,true
64,fp32,fp32,1,0.27926791,1e-06,iter
64,fp32,fp32,2,0.10619169,1e-06,iter
64,fp32,fp32,3,0.055433445,1e-06,iter
64,fp32,fp32,4,0.031962607,1e-06,iter
64,fp32,fp32,5,0.020928191,1e-06,iter
64,fp32,fp32,6,0.014177322,1e-06,iter
64,fp32,fp32,7,0.010116592,1e-06,iter
64,fp32,fp32,8,0.0076278248,1e-06,iter
64,fp32,fp32,9,0.0058718026,1e-06,iter
64,fp32,fp32,10,0.0048158639,1e-06,iter
64,fp32,fp32,11,0.0040997299,1e-06,iter
64,fp32,fp32,12,0.0033916021,1e-06,iter
64,fp32,fp32,13,0.0027924983,1e-06,iter
64,fp32,fp32,14,0.0023332387,1e-06,iter
64,fp32,fp32,15,0.0020371396,1e-06,iter
64,fp32,fp32,16,0.0017403564,1e-06,iter
64,fp32,fp32,17,0.0015254705,1e-06,iter
64,fp32,fp32,18,0.0013189981,1e-06,iter
64,fp32,fp32,19,0.0011502655,1e-06,iter
64,fp32,fp32,20,0.00099173491,1e-06,iter
64,fp32,fp32,21,0.00085309806,1e-06,iter
64,fp32,fp32,22,0.00077046949,1e-06,iter
64,fp32,fp32,23,0.00068997894,1e-06,iter
64,fp32,fp32,24,0.000620067,1e-06,iter
64,fp32,fp32,25,0.00056970137,1e-06,iter
64,fp32,fp32,26,0.0005341295,1e-06,iter
64,fp32,fp32,27,0.00049028662,1e-06,iter
64,fp32,fp32,28,0.0004374726,1e-06,iter
64,fp32,fp32,29,0.00038314864,1e-06,iter
64,fp32,fp32,30,0.00033508247,1e-06,iter
64,fp32,fp32,31,0.00029909521,1e-06,iter
64,fp32,fp32,32,0.00026830734,1e-06,iter
64,fp32,fp32,33,0.00024607655,1e-06,iter
64,fp32,fp32,34,0.00021778293,1e-06,iter
64,fp32,fp32,35,0.00019217185,1e-06,iter
64,fp32,fp32,36,0.00017016497,1e-06,iter
64,fp32,fp32,37,0.00015520545,1e-06,iter
64,fp32,fp32,38,0.00014121832,1e-06,iter
64,fp32,fp32,39,0.00012980039,1e-06,iter
64,fp32,fp32,40,0.00012206061,1e-06,iter
64,fp32,fp32,41,0.00011434504,1e-06,iter
64,fp32,fp32,42,0.00010581686,1e-06,iter
64,fp32,fp32,43,9.675583e-05,1e-06,iter
64,fp32,fp32,44,9.0304537e-05,1e-06,iter
64,fp32,fp32,45,8.2984196e-05,1e-06,iter
64,fp32,fp32,46,7.9711172e-05,1e-06,iter
64,fp32,fp32,47,8.0805745e-05,1e-06,iter
64,fp32,fp32,48,7.9566591e-05,1e-06,iter
64,fp32,fp32,49,7.7904158e-05,1e-06,iter
64,fp32,fp32,50,7.5386917e-05,1e-06,iter
64,fp32,fp32,51,7.2647737e-05,1e-06,iter
64,fp32,fp32,52,7.0601789e-05,1e-06,iter
64,fp32,fp32,53,6.8212983e-05,1e-06,iter
64,fp32,fp32,54,6.5080858e-05,1e-06,iter
64,fp32,fp32,55,6.1450955e-05,1e-06,iter
64,fp32,fp32,56,5.8731359e-05,1e-06,iter
64,fp32,fp32,57,5.76743e-05,1e-06,iter
64,fp32,fp32,58,5.6049965e-05,1e-06,iter
64,fp32,fp32,59,5.4023818e-05,1e-06,iter
64,fp32,fp32,60,5.0446964e-05,1e-06,iter
64,fp32,fp32,61,4.8389218e-05,1e-06,iter
64,fp32,fp32,62,4.6728986e-05,1e-06,iter
64,fp32,fp32,63,4.4121953e-05,1e-06,iter
64,fp32,fp32,64,4.1311021e-05,1e-06,iter
64,fp32,fp32,65,3.8822254e-05,1e-06,iter
64,fp32,fp32,66,3.7316087e-05,1e-06,iter
64,fp32,fp32,67,3.6263475e-05,1e-06,iter
64,fp32,fp32,68,3.5267261e-05,1e-06,iter
64,fp32,fp32,69,3.3945973e-05,1e-06,iter
64,fp32,fp32,70,3.3976896e-05,1e-06,iter
64,fp32,fp32,71,3.3118205e-05,1e-06,iter
64,fp32,fp32,72,3.2323929e-05,1e-06,iter
64,fp32,fp32,73,3.2457585e-05,1e-06,iter
64,fp32,fp32,74,3.3357403e-05,1e-06,iter
64,fp32,fp32,75,3.3228771e-05,1e-06,iter
64,fp32,fp32,76,3.1814314e-05,1e-06,iter
64,fp32,fp32,77,3.0578307e-05,1e-06,iter
64,fp32,fp32,78,2.9673081e-05,1e-06,iter
64,fp32,fp32,79,2.9678467e-05,1e-06,iter
64,fp32,fp32,80,2.9809351e-05,1e-06,iter
64,fp32,fp32,81,2.8150846e-05,1e-06,iter
64,fp32,fp32,82,2.631538e-05,1e-06,iter
64,fp32,fp32,83,2.4070552e-05,1e-06,iter
64,fp32,fp32,84,2.1352569e-05,1e-06,iter
64,fp32,fp32,85,1.9483052e-05,1e-06,iter
64,fp32,fp32,86,1.7520193e-05,1e-06,iter
64,fp32,fp32,87,1.6128173e-05,1e-06,iter
64,fp32,fp32,88,1.496851e-05,1e-06,iter
64,fp32,fp32,89,1.3904228e-05,1e-06,iter
64,fp32,fp32,90,1.3442364e-05,1e-06,iter
64,fp32,fp32,91,1.3845206e-05,1e-06,iter
64,fp32,fp32,92,1.4508277e-05,1e-06,iter
64,fp32,fp32,93,1.5241402e-05,1e-06,iter
64,fp32,fp32,94,1.5953887e-05,1e-06,iter
64,fp32,fp32,95,1.5842679e-05,1e-06,iter
64,fp32,fp32,96,1.4847319e-05,1e-06,iter
64,fp32,fp32,97,1.3261717e-05,1e-06,iter
64,fp32,fp32,98,1.2441905e-05,1e-06,iter
64,fp32,fp32,99,1.1955568e-05,1e-06,iter
64,fp32,fp32,100,1.1150887e-05,1e-06,iter
64,fp32,fp32,101,1.0400762e-05,1e-06,iter
64,fp32,fp32,102,1.0020146e-05,1e-06,iter
64,fp32,fp32,103,9.6536078e-06,1e-06,iter
64,fp32,fp32,104,9.3382141e-06,1e-06,iter
64,fp32,fp32,105,8.8496699e-06,1e-06,iter
64,fp32,fp32,106,8.158423e-06,1e-06,iter
64,fp32,fp32,107,7.4841792e-06,1e-06,iter
64,fp32,fp32,108,6.6563589e-06,1e-06,iter
64,fp32,fp32,109,6.1704341e-06,1e-06,iter
64,fp32,fp32,110,5.5595833e-06,1e-06,iter
64,fp32,fp32,111,4.9414029e-06,1e-06,iter
64,fp32,fp32,112,4.4868366e-06,1e-06,iter
64,fp32,fp32,113,3.9794027e-06,1e-06,iter
64,fp32,fp32,114,3.4888697e-06,1e-06,iter
64,fp32,fp32,115,3.1801226e-06,1e-06,iter
64,fp32,fp32,116,2.9363705e-06,1e-06,iter
64,fp32,fp32,117,2.64759e-06,1e-06,iter
64,fp32,fp32,118,2.5276997e-06,1e-06,iter
64,fp32,fp32,119,2.4017845e-06,1e-06,iter
64,fp32,fp32,120,2.2526806e-06,1e-06,iter
64,fp32,fp32,121,2.1592932e-06,1e-06,iter
64,fp32,fp32,122,2.0856694e-06,1e-06,iter
64,fp32,fp32,123,1.964175e-06,1e-06,iter
64,fp32,fp32,124,1.8295127e-06,1e-06,iter
64,fp32,fp32,125,1.593254e-06,1e-06,iter
64,fp32,fp32,126,1.4632736e-06,1e-06,iter
64,fp32,fp32,127,1.3200505e-06,1e-06,iter
64,fp32,fp32,128,1.1204356e-06,1e-06,iter
64,fp32,fp32,129,1.0750083e-06,1e-06,iter
64,fp32,fp32,130,1.0122635e-06,1e-06,iter
64,fp32,fp32,131,9.739905e-07,1e-06,iter
64,fp32,fp32,10,0.0048158653,1e-06,true
64,fp32,fp32,20,0.00099173398,1e-06,true
64,fp32,fp32,30,0.00033508145,1e-06,true
64,fp32,fp32,40,0.00012206488,1e-06,true
64,fp32,fp32,50,7.5394724e-05,1e-06,true
64,fp32,fp32,60,5.0446128e-05,1e-06,true
64,fp32,fp32,70,3.3980607e-05,1e-06,true
64,fp32,fp32,80,2.9804634e-05,1e-06,true
64,fp32,fp32,90,1.3443046e-05,1e-06,true
64,fp32,fp32,100,1.1152762e-05,1e-06,true
64,fp32,fp32,110,5.5683204e-06,1e-06,true
64,fp32,fp32,120,2.2753345e-06,1e-06,true
64,fp32,fp32,130,1.0608543e-06,1e-06,true
64,tf32,small,1,0.27951571,0.001,iter
64,tf32,small,2,0.10639033,0.001,iter
64,tf32,small,3,0.055474125,0.001,iter
64,tf32,small,4,0.032211717,0.001,iter
64,tf32,small,5,0.021146072,0.001,iter
64,tf32,small,6,0.014304802,0.001,iter
64,tf32,small,7,0.010193118,0.001,iter
64,tf32,small,8,0.007721615,0.001,iter
64,tf32,small,9,0.0059431153,0.001,iter
64,tf32,small,10,0.0049438905,0.001,iter
64,tf32,small,11,0.0041846274,0.001,iter
64,tf32,small,12,0.0035290709,0.001,iter
64,tf32,small,13,0.0028920451,0.001,iter
64,tf32,small,14,0.0024350644,0.001,iter
64,tf32,small,15,0.0021210231,0.001,iter
64,tf32,small,16,0.0018288103,0.001,iter
64,tf32,small,17,0.0016022908,0.001,iter
64,tf32,small,18,0.0014106205,0.001,iter
64,tf32,small,19,0.0012260642,0.001,iter
64,tf32,small,20,0.0010894028,0.001,iter
64,tf32,small,21,0.00093312026,0.001,iter
64,tf32,small,10,0.07237161,0.001,true
64,tf32,small,20,2.080826,0.001,true
64,tf32,small,1,0.27926791,0.001,iter
64,tf32,small,2,0.10619169,0.001,iter
64,tf32,small,3,0.055433445,0.001,iter
64,tf32,small,4,0.031962607,0.001,iter
64,tf32,small,5,0.020928191,0.001,iter
64,tf32,small,6,0.014177322,0.001,iter
64,tf32,small,7,0.010116592,0.001,iter
64,tf32,small,8,0.0076278248,0.001,iter
64,tf32,small,9,0.0058718026,0.001,iter
64,tf32,small,10,0.0048158639,0.001,iter
64,tf32,small,11,0.0040997299,0.001,iter
64,tf32,small,12,0.0033916021,0.001,iter
64,tf32,small,13,0.0027924983,0.001,iter
64,tf32,small,14,0.0023332387,0.001,iter
64,tf32,small,15,0.0020371396,0.001,iter
64,tf32,small,16,0.0017403564,0.001,iter
64,tf32,small,17,0.0015254705,0.001,iter
64,tf32,small,18,0.0013189981,0.001,iter
64,tf32,small,19,0.0011502655,0.001,iter
64,tf32,small,20,0.00099173491,0.001,iter
64,tf32,small,10,0.0048158653,0.001,true
64,tf32,fp32,1,0.27926791,0.001,iter
64,tf32,fp32,2,0.10619169,0.001,iter
64,tf32,fp32,3,0.055433445,0.001,iter
64,tf32,fp32,4,0.031962607,0.001,iter
64,tf32,fp32,5,0.020928191,0.001,iter
64,tf32,fp32,6,0.014177322,0.001,iter
64,tf32,fp32,7,0.010116592,0.001,iter
64,tf32,fp32,8,0.0076278248,0.001,iter
64,tf32,fp32,9,0.0058718026,0.001,iter
64,tf32,fp32,10,0.0048158639,0.001,iter
64,tf32,fp32,11,0.0040997299,0.001,iter
64,tf32,fp32,12,0.0033916021,0.001,iter
64,tf32,fp32,13,0.0027924983,0.001,iter
64,tf32,fp32,14,0.0023332387,0.001,iter
64,tf32,fp32,15,0.0020371396,0.001,iter
64,tf32,fp32,16,0.0017403564,0.001,iter
64,tf32,fp32,17,0.0015254705,0.001,iter
64,tf32,fp32,18,0.0013189981,0.001,iter
64,tf32,fp32,19,0.0011502655,0.001,iter
64,tf32,fp32,20,0.00099173491,0.001,iter
64,tf32,fp32,10,0.0048158653,0.001,true
64,bfloat16,small,1,0.28489012,0.005,iter
64,bfloat16,small,2,0.10999113,0.005,iter
64,bfloat16,small,3,0.057421468,0.005,iter
64,bfloat16,small,4,0.034643829,0.005,iter
64,bfloat16,small,5,0.022961138,0.005,iter
64,bfloat16,small,6,0.016135419,0.005,iter
64,bfloat16,small,7,0.011461021,0.005,iter
64,bfloat16,small,8,0.0090005295,0.005,iter
64,bfloat16,small,9,0.0070660193,0.005,iter
64,bfloat16,small,10,0.0058255554,0.005,iter
64,bfloat16,small,11,0.0050084447,0.005,iter
64,bfloat16,small,12,0.0044337981,0.005,iter
64,bfloat16,small,10,2.4347973,0.005,true
64,bfloat16,small,1,0.27926791,0.005,iter
64,bfloat16,small,2,0.10619169,0.005,iter
64,bfloat16,small,3,0.055433445,0.005,iter
64,bfloat16,small,4,0.031962607,0.005,iter
64,bfloat16,small,5,0.020928191,0.005,iter
64,bfloat16,small,6,0.014177322,0.005,iter
64,bfloat16,small,7,0.010116592,0.005,iter
64,bfloat16,small,8,0.0076278248,0.005,iter
64,bfloat16,small,9,0.0058718026,0.005,iter
64,bfloat16,small,10,0.0048158639,0.005,iter
64,bfloat16,fp32,1,0.27926791,0.005,iter
64,bfloat16,fp32,2,0.10619169,0.005,iter
64,bfloat16,fp32,3,0.055433445,0.005,iter
64,bfloat16,fp32,4,0.031962607,0.005,iter
64,bfloat16,fp32,5,0.020928191,0.005,iter
64,bfloat16,fp32,6,0.014177322,0.005,iter
64,bfloat16,fp32,7,0.010116592,0.005,iter
64,bfloat16,fp32,8,0.0076278248,0.005,iter
64,bfloat16,fp32,9,0.0058718026,0.005,iter
64,bfloat16,fp32,10,0.0048158639,0.005,iter
64,fp8,small,1,0.31857276,0.2,iter
64,fp8,small,2,0.13335004,0.2,iter
64,fp8,small,1,0.27926791,0.2,iter
64,fp8,small,2,0.10619169,0.2,iter
64,fp8,fp32,1,0.27926791,0.2,iter
64,fp8,fp32,2,0.10619169,0.2,iter
128,fp32,small,1,0.27766952,1e-06,iter
128,fp32,small,2,0.10256927,1e-06,iter
128,fp32,small,3,0.053909142,1e-06,iter
128,fp32,small,4,0.031154407,1e-06,iter
128,fp32,small,5,0.02018466,1e-06,iter
128,fp32,small,6,0.013592426,1e-06,iter
128,fp32,small,7,0.0099721234,1e-06,iter
128,fp32,small,8,0.0074863541,1e-06,iter
128,fp32,small,9,0.0058249836,1e-06,iter
128,fp32,small,10,0.0045101759,1e-06,iter
128,fp32,small,11,0.003598863,1e-06,iter
128,fp32,small,12,0.0029555017,1e-06,iter
128,fp32,small,13,0.0024862394,1e-06,iter
128,fp32,small,14,0.0021211028,1e-06,iter
128,fp32,small,15,0.0018222821,1e-06,iter
128,fp32,small,16,0.0015485337,1e-06,iter
128,fp32,small,17,0.0013407866,1e-06,iter
128,fp32,small,18,0.0011675293,1e-06,iter
128,fp32,small,19,0.0010411793,1e-06,iter
128,fp32,small,20,0.00092685031,1e-06,iter
128,fp32,small,21,0.00082593819,1e-06,iter
128,fp32,small,22,0.00074292737,1e-06,iter
128,fp32,small,23,0.00067105028,1e-06,iter
128,fp32,small,24,0.00060522917,1e-06,iter
128,fp32,small,25,0.00054524827,1e-06,iter
128,fp32,small,26,0.00050038472,1e-06,iter
128,fp32,small,27,0.00045607187,1e-06,iter
128,fp32,small,28,0.00041178838,1e-06,iter
128,fp32,small,29,0.00036804509,1e-06,iter
128,fp32,small,30,0.00033727818,1e-06,iter
128,fp32,small,31,0.00030844117,1e-06,iter
128,fp32,small,32,0.00028306904,1e-06,iter
128,fp32,small,33,0.00026184114,1e-06,iter
128,fp32,small,34,0.00024628686,1e-06,iter
128,fp32,small,35,0.00023147135,1e-06,iter
128,fp32,small,36,0.00021904045,1e-06,iter
128,fp32,small,37,0.0002070355,1e-06,iter
128,fp32,small,38,0.00019641274,1e-06,iter
128,fp32,small,39,0.00018523971,1e-06,iter
128,fp32,small,40,0.00017437522,1e-06,iter
128,fp32,small,41,0.0001638067,1e-06,iter
128,fp32,small,42,0.00015719583,1e-06,iter
128,fp32,small,43,0.00014901052,1e-06,iter
128,fp32,small,44,0.00014050245,1e-06,iter
128,fp32,small,45,0.00013303696,1e-06,iter
128,fp32,small,46,0.00012558162,1e-06,iter
128,fp32,small,47,0.000117804,1e-06,iter
128,fp32,small,48,0.00011047801,1e-06,iter
128,fp32,small,49,0.00010223662,1e-06,iter
128,fp32,small,50,9.4621348e-05,1e-06,iter
128,fp32,small,51,8.8120316e-05,1e-06,iter
128,fp32,small,52,8.3200495e-05,1e-06,iter
128,fp32,small,53,7.8974321e-05,1e-06,iter
128,fp32,small,54,7.554952e-05,1e-06,iter
128,fp32,small,55,7.2223847e-05,1e-06,iter
128,fp32,small,56,6.8779431e-05,1e-06,iter
128,fp32,small,57,6.5369764e-05,1e-06,iter
128,fp32,small,58,6.0877872e-05,1e-06,iter
128,fp32,small,59,5.6676559e-05,1e-06,iter
128,fp32,small,60,5.2565709e-05,1e-06,iter
128,fp32,small,61,4.9057435e-05,1e-06,iter
128,fp32,small,62,4.601308e-05,1e-06,iter
128,fp32,small,63,4.2800166e-05,1e-06,iter
128,fp32,small,64,4.0253282e-05,1e-06,iter
128,fp32,small,65,3.8449914e-05,1e-06,iter
128,fp32,small,66,3.729351e-05,1e-06,iter
128,fp32,small,67,3.6390808e-05,1e-06,iter
128,fp32,small,68,3.4436198e-05,1e-06,iter
128,fp32,small,69,3.2535114e-05,1e-06,iter
128,fp32,small,70,3.1589461e-05,1e-06,iter
128,fp32,small,71,3.1257499e-05,1e-06,iter
128,fp32,small,72,3.0979067e-05,1e-06,iter
128,fp32,small,73,3.0246338e-05,1e-06,iter
128,fp32,small,74,2.9420082e-05,1e-06,iter
128,fp32,small,75,2.8381621e-05,1e-06,iter
128,fp32,small,76,2.7338619e-05,1e-06,iter
128,fp32,small,77,2.6023967e-05,1e-06,iter
128,fp32,small,78,2.46573e-05,1e-06,iter
128,fp32,small,79,2.399066e-05,1e-06,iter
128,fp32,small,80,2.3229317e-05,1e-06,iter
128,fp32,small,81,2.2544358e-05,1e-06,iter
128,fp32,small,82,2.2068351e-05,1e-06,iter
128,fp32,small,83,2.1661599e-05,1e-06,iter
128,fp32,small,84,2.1256876e-05,1e-06,iter
128,fp32,small,85,2.0780264e-05,1e-06,iter
128,fp32,small,86,2.0098099e-05,1e-06,iter
128,fp32,small,87,1.9449653e-05,1e-06,iter
128,fp32,small,88,1.8606113e-05,1e-06,iter
128,fp32,small,89,1.7758366e-05,1e-06,iter
128,fp32,small,90,1.6877606e-05,1e-06,iter
128,fp32,small,91,1.6167312e-05,1e-06,iter
128,fp32,small,92,1.5452813e-05,1e-06,iter
128,fp32,small,93,1.5034878e-05,1e-06,iter
128,fp32,small,94,1.4490095e-05,1e-06,iter
128,fp32,small,95,1.3798794e-05,1e-06,iter
128,fp32,small,96,1.3315003e-05,1e-06,iter
128,fp32,small,97,1.2933103e-05,1e-06,iter
128,fp32,small,98,1.2524628e-05,1e-06,iter
128,fp32,small,99,1.2244394e-05,1e-06,iter
128,fp32,small,100,1.2006933e-05,1e-06,iter
128,fp32,small,101,1.1859922e-05,1e-06,iter
128,fp32,small,102,1.1992465e-05,1e-06,iter
128,fp32,small,103,1.1915728e-05,1e-06,iter
128,fp32,small,104,1.170317e-05,1e-06,iter
128,fp32,small,105,1.1298584e-05,1e-06,iter
128,fp32,small,106,1.1004522e-05,1e-06,iter
128,fp32,small,107,1.0770231e-05,1e-06,iter
128,fp32,small,108,1.0454894e-05,1e-06,iter
128,fp32,small,109,1.0188875e-05,1e-06,iter
128,fp32,small,110,1.001144e-05,1e-06,iter
128,fp32,small,111,9.9105864e-06,1e-06,iter
128,fp32,small,112,9.9183408e-06,1e-06,iter
128,fp32,small,113,9.6029107e-06,1e-06,iter
128,fp32,small,114,9.1102374e-06,1e-06,iter
128,fp32,small,115,8.7324761e-06,1e-06,iter
128,fp32,small,116,8.4216663e-06,1e-06,iter
128,fp32,small,117,8.1154749e-06,1e-06,iter
128,fp32,small,118,7.8735302e-06,1e-06,iter
128,fp32,small,119,7.5087096e-06,1e-06,iter
128,fp32,small,120,7.1260847e-06,1e-06,iter
128,fp32,small,121,6.8494128e-06,1e-06,iter
128,fp32,small,122,6.6446519e-06,1e-06,iter
128,fp32,small,123,6.3969132e-06,1e-06,iter
128,fp32,small,124,6.2049062e-06,1e-06,iter
128,fp32,small,125,6.0685925e-06,1e-06,iter
128,fp32,small,126,5.9352533e-06,1e-06,iter
128,fp32,small,127,5.8282913e-06,1e-06,iter
128,fp32,small,128,5.7819711e-06,1e-06,iter
128,fp32,small,129,5.7633583e-06,1e-06,iter
128,fp32,small,130,5.6712665e-06,1e-06,iter
128,fp32,small,131,5.5271689e-06,1e-06,iter
128,fp32,small,132,5.3263766e-06,1e-06,iter
128,fp32,small,133,5.166763e-06,1e-06,iter
128,fp32,small,134,4.9671426e-06,1e-06,iter
128,fp32,small,135,4.799163e-06,1e-06,iter
128,fp32,small,136,4.6298192e-06,1e-06,iter
128,fp32,small,137,4.4234448e-06,1e-06,iter
128,fp32,small,138,4.2896968e-06,1e-06,iter
128,fp32,small,139,4.2333218e-06,1e-06,iter
128,fp32,small,140,4.1059875e-06,1e-06,iter
128,fp32,small,141,4.0160553e-06,1e-06,iter
128,fp32,small,142,3.9380739e-06,1e-06,iter
128,fp32,small,143,3.8470744e-06,1e-06,iter
128,fp32,small,144,3.7854452e-06,1e-06,iter
128,fp32,small,145,3.6782194e-06,1e-06,iter
128,fp32,small,146,3.6268652e-06,1e-06,iter
128,fp32,small,147,3.5463086e-06,1e-06,iter
128,fp32,small,148,3.4730724e-06,1e-06,iter
128,fp32,small,149,3.4152652e-06,1e-06,iter
128,fp32,small,150,3.3490394e-06,1e-06,iter
128,fp32,small,151,3.1845441e-06,1e-06,iter
128,fp32,small,152,3.0179835e-06,1e-06,iter
128,fp32,small,153,2.8722723e-06,1e-06,iter
128,fp32,small,154,2.7780859e-06,1e-06,iter
128,fp32,small,155,2.6424655e-06,1e-06,iter
128,fp32,small,156,2.5091665e-06,1e-06,iter
128,fp32,small,157,2.3928083e-06,1e-06,iter
128,fp32,small,158,2.3012062e-06,1e-06,iter
128,fp32,small,159,2.2434931e-06,1e-06,iter
128,fp32,small,160,2.2379008e-06,1e-06,iter
128,fp32,small,161,2.2241736e-06,1e-06,iter
128,fp32,small,162,2.2127615e-06,1e-06,iter
128,fp32,small,163,2.161232e-06,1e-06,iter
128,fp32,small,164,2.0686869e-06,1e-06,iter
128,fp32,small,165,1.9923789e-06,1e-06,iter
128,fp32,small,166,1.9080667e-06,1e-06,iter
128,fp32,small,167,1.8454941e-06,1e-06,iter
128,fp32,small,168,1.7558183e-06,1e-06,iter
128,fp32,small,169,1.6928832e-06,1e-06,iter
128,fp32,small,170,1.6242948e-06,1e-06,iter
128,fp32,small,171,1.5811585e-06,1e-06,iter
128,fp32,small,172,1.5844352e-06,1e-06,iter
128,fp32,small,173,1.6066878e-06,1e-06,iter
128,fp32,small,174,1.6023903e-06,1e-06,iter
128,fp32,small,175,1.588991e-06,1e-06,iter
128,fp32,small,176,1.5795382e-06,1e-06,iter
128,fp32,small,177,1.5722367e-06,1e-06,iter
128,fp32,small,178,1.5557439e-06,1e-06,iter
128,fp32,small,179,1.5411089e-06,1e-06,iter
128,fp32,small,180,1.5669307e-06,1e-06,iter
128,fp32,small,181,1.6218223e-06,1e-06,iter
128,fp32,small,182,1.6629217e-06,1e-06,iter
128,fp32,small,183,1.7132884e-06,1e-06,iter
128,fp32,small,184,1.788368e-06,1e-06,iter
128,fp32,small,185,1.8408039e-06,1e-06,iter
128,fp32,small,186,1.832921e-06,1e-06,iter
128,fp32,small,187,1.7858065e-06,1e-06,iter
128,fp32,small,188,1.7271122e-06,1e-06,iter
128,fp32,small,189,1.6853184e-06,1e-06,iter
128,fp32,small,190,1.6565086e-06,1e-06,iter
128,fp32,small,191,1.6548861e-06,1e-06,iter
128,fp32,small,192,1.6426513e-06,1e-06,iter
128,fp32,small,193,1.6178165e-06,1e-06,iter
128,fp32,small,194,1.6105924e-06,1e-06,iter
128,fp32,small,195,1.6043539e-06,1e-06,iter
128,fp32,small,196,1.6245842e-06,1e-06,iter
128,fp32,small,197,1.6228581e-06,1e-06,iter
128,fp32,small,198,1.5900739e-06,1e-06,iter
128,fp32,small,199,1.5475962e-06,1e-06,iter
128,fp32,small,200,1.4947605e-06,1e-06,iter
128,fp32,small,201,1.4411318e-06,1e-06,iter
128,fp32,small,202,1.4055324e-06,1e-06,iter
128,fp32,small,203,1.3814306e-06,1e-06,iter
128,fp32,small,204,1.3510163e-06,1e-06,iter
128,fp32,small,205,1.3182345e-06,1e-06,iter
128,fp32,small,206,1.280172e-06,1e-06,iter
128,fp32,small,207,1.2297889e-06,1e-06,iter
128,fp32,small,208,1.2176586e-06,1e-06,iter
128,fp32,small,209,1.1801048e-06,1e-06,iter
128,fp32,small,210,1.1309253e-06,1e-06,iter
128,fp32,small,211,1.1031757e-06,1e-06,iter
128,fp32,small,212,1.0751015e-06,1e-06,iter
128,fp32,small,213,1.0529553e-06,1e-06,iter
128,fp32,small,214,1.0456112e-06,1e-06,iter
128,fp32,small,215,1.0496889e-06,1e-06,iter
128,fp32,small,216,1.0413353e-06,1e-06,iter
128,fp32,small,217,1.0265095e-06,1e-06,iter
128,fp32,small,218,9.973196e-07,1e-06,iter
128,fp32,small,10,0.0045101759,1e-06,true
128,fp32,small,20,0.000926851,1e-06,true
128,fp32,small,30,0.00033727632,1e-06,true
128,fp32,small,40,0.00017437401,1e-06,true
128,fp32,small,50,9.4620722e-05,1e-06,true
128,fp32,small,60,5.2567608e-05,1e-06,true
128,fp32,small,70,3.1588894e-05,1e-06,true
128,fp32,small,80,2.3231536e-05,1e-06,true
128,fp32,small,90,1.6880855e-05,1e-06,true
128,fp32,small,100,1.2010975e-05,1e-06,true
128,fp32,small,110,1.0012761e-05,1e-06,true
128,fp32,small,120,7.133925e-06,1e-06,true
128,fp32,small,130,5.68115e-06,1e-06,true
128,fp32,small,140,4.116966e-06,1e-06,true
128,fp32,small,150,3.3598653e-06,1e-06,true
128,fp32,small,160,2.2572015e-06,1e-06,true
128,fp32,small,170,1.6580376e-06,1e-06,true
128,fp32,small,180,1.600402e-06,1e-06,true
128,fp32,small,190,1.6920558e-06,1e-06,true
128,fp32,small,200,1.5412825e-06,1e-06,true
128,fp32,small,210,1.1891558e-06,1e-06,true
128,fp32,fp32,1,0.27766952,1e-06,iter
128,fp32,fp32,2,0.10256927,1e-06,iter
128,fp32,fp32,3,0.053909142,1e-06,iter
128,fp32,fp32,4,0.031154407,1e-06,iter
128,fp32,fp32,5,0.02018466,1e-06,iter
128,fp32,fp32,6,0.013592426,1e-06,iter
128,fp32,fp32,7,0.0099721234,1e-06,iter
128,fp32,fp32,8,0.0074863541,1e-06,iter
128,fp32,fp32,9,0.0058249836,1e-06,iter
128,fp32,fp32,10,0.0045101759,1e-06,iter
128,fp32,fp32,11,0.003598863,1e-06,iter
128,fp32,fp32,12,0.0029555017,1e-06,iter
128,fp32,fp32,13,0.0024862394,1e-06,iter
128,fp32,fp32,14,0.0021211028,1e-06,iter
128,fp32,fp32,15,0.0018222821,1e-06,iter
128,fp32,fp32,16,0.0015485337,1e-06,iter
128,fp32,fp32,17,0.0013407866,1e-06,iter
128,fp32,fp32,18,0.0011675293,1e-06,iter
128,fp32,fp32,19,0.0010411793,1e-06,iter
128,fp32,fp32,20,0.00092685031,1e-06,iter
128,fp32,fp32,21,0.00082593819,1e-06,iter
128,fp32,fp32,22,0.00074292737,1e-06,iter
128,fp32,fp32,23,0.00067105028,1e-06,iter
128,fp32,fp32,24,0.00060522917,1e-06,iter
128,fp32,fp32,25,0.00054524827,1e-06,iter
128,fp32,fp32,26,0.00050038472,1e-06,iter
128,fp32,fp32,27,0.00045607187,1e-06,iter
128,fp32,fp32,28,0.00041178838,1e-06,iter
128,fp32,fp32,29,0.00036804509,1e-06,iter
128,fp32,fp32,30,0.00033727818,1e-06,iter
128,fp32,fp32,31,0.00030844117,1e-06,iter
128,fp32,fp32,32,0.00028306904,1e-06,iter
128,fp32,fp32,33,0.00026184114,1e-06,iter
128,fp32,fp32,34,0.00024628686,1e-06,iter
128,fp32,fp32,35,0.00023147135,1e-06,iter
128,fp32,fp32,36,0.00021904045,1e-06,iter
128,fp32,fp32,37,0.0002070355,1e-06,iter
128,fp32,fp32,38,0.00019641274,1e-06,iter
128,fp32,fp32,39,0.00018523971,1e-06,iter
128,fp32,fp32,40,0.00017437522,1e-06,iter
128,fp32,fp32,41,0.0001638067,1e-06,iter
128,fp32,fp32,42,0.00015719583,1e-06,iter
128,fp32,fp32,43,0.00014901052,1e-06,iter
128,fp32,fp32,44,0.00014050245,1e-06,iter
128,fp32,fp32,45,0.00013303696,1e-06,iter
128,fp32,fp32,46,0.00012558162,1e-06,iter
128,fp32,fp32,47,0.000117804,1e-06,iter
128,fp32,fp32,48,0.00011047801,1e-06,iter
128,fp32,fp32,49,0.00010223662,1e-06,iter
128,fp32,fp32,50,9.4621348e-05,1e-06,iter
128,fp32,fp32,51,8.8120316e-05,1e-06,iter
128,fp32,fp32,52,8.3200495e-05,1e-06,iter
128,fp32,fp32,53,7.8974321e-05,1e-06,iter
128,fp32,fp32,54,7.554952e-05,1e-06,iter
128,fp32,fp32,55,7.2223847e-05,1e-06,iter
128,fp32,fp32,56,6.8779431e-05,1e-06,iter
128,fp32,fp32,57,6.5369764e-05,1e-06,iter
128,fp32,fp32,58,6.0877872e-05,1e-06,iter
128,fp32,fp32,59,5.6676559e-05,1e-06,iter
128,fp32,fp32,60,5.2565709e-05,1e-06,iter
128,fp32,fp32,61,4.9057435e-05,1e-06,iter
128,fp32,fp32,62,4.601308e-05,1e-06,iter
128,fp32,fp32,63,4.2800166e-05,1e-06,iter
128,fp32,fp32,64,4.0253282e-05,1e-06,iter
128,fp32,fp32,65,3.8449914e-05,1e-06,iter
128,fp32,fp32,66,3.729351e-05,1e-06,iter
128,fp32,fp32,67,3.6390808e-05,1e-06,iter
128,fp32,fp32,68,3.4436198e-05,1e-06,iter
128,fp32,fp32,69,3.2535114e-05,1e-06,iter
128,fp32,fp32,70,3.1589461e-05,1e-06,iter
128,fp32,fp32,71,3.1257499e-05,1e-06,iter
128,fp32,fp32,72,3.0979067e-05,1e-06,iter
128,fp32,fp32,73,3.0246338e-05,1e-06,iter
128,fp32,fp32,74,2.9420082e-05,1e-06,iter
128,fp32,fp32,75,2.8381621e-05,1e-06,iter
128,fp32,fp32,76,2.7338619e-05,1e-06,iter
128,fp32,fp32,77,2.6023967e-05,1e-06,iter
128,fp32,fp32,78,2.46573e-05,1e-06,iter
128,fp32,fp32,79,2.399066e-05,1e-06,iter
128,fp32,fp32,80,2.3229317e-05,1e-06,iter
128,fp32,fp32,81,2.2544358e-05,1e-06,iter
128,fp32,fp32,82,2.2068351e-05,1e-06,iter
128,fp32,fp32,83,2.1661599e-05,1e-06,iter
128,fp32,fp32,84,2.1256876e-05,1e-06,iter
128,fp32,fp32,85,2.0780264e-05,1e-06,iter
128,fp32,fp32,86,2.0098099e-05,1e-06,iter
128,fp32,fp32,87,1.9449653e-05,1e-06,iter
128,fp32,fp32,88,1.8606113e-05,1e-06,iter
128,fp32,fp32,89,1.7758366e-05,1e-06,iter
128,fp32,fp32,90,1.6877606e-05,1e-06,iter
128,fp32,fp32,91,1.6167312e-05,1e-06,iter
128,fp32,fp32,92,1.5452813e-05,1e-06,iter
128,fp32,fp32,93,1.5034878e-05,1e-06,iter
128,fp32,fp32,94,1.4490095e-05,1e-06,iter
128,fp32,fp32,95,1.3798794e-05,1e-06,iter
128,fp32,fp32,96,1.3315003e-05,1e-06,iter
128,fp32,fp32,97,1.2933103e-05,1e-06,iter
128,fp32,fp32,98,1.2524628e-05,1e-06,iter
128,fp32,fp32,99,1.2244394e-05,1e-06,iter
128,fp32,fp32,100,1.2006933e-05,1e-06,iter
128,fp32,fp32,101,1.1859922e-05,1e-06,iter
128,fp32,fp32,102,1.1992465e-05,1e-06,iter
128,fp32,fp32,103,1.1915728e-05,1e-06,iter
128,fp32,fp32,104,1.170317e-05,1e-06,iter
128,fp32,fp32,105,1.1298584e-05,1e-06,iter
128,fp32,fp32,106,1.1004522e-05,1e-06,iter
128,fp32,fp32,107,1.0770231e-05,1e-06,iter
128,fp32,fp32,108,1.0454894e-05,1e-06,iter
128,fp32,fp32,109,1.0188875e-05,1e-06,iter
128,fp32,fp32,110,1.001144e-05,1e-06,iter
128,fp32,fp32,111,9.9105864e-06,1e-06,iter
128,fp32,fp32,112,9.9183408e-06,1e-06,iter
128,fp32,fp32,113,9.6029107e-06,1e-06,iter
128,fp32,fp32,114,9.1102374e-06,1e-06,iter
128,fp32,fp32,115,8.7324761e-06,1e-06,iter
128,fp32,fp32,116,8.4216663e-06,1e-06,iter
128,fp32,fp32,117,8.1154749e-06,1e-06,iter
128,fp32,fp32,118,7.8735302e-06,1e-06,iter
128,fp32,fp32,119,7.5087096e-06,1e-06,iter
128,fp32,fp32,120,7.1260847e-06,1e-06,iter
128,fp32,fp32,121,6.8494128e-06,1e-06,iter
128,fp32,fp32,122,6.6446519e-06,1e-06,iter
128,fp32,fp32,123,6.3969132e-06,1e-06,iter
128,fp32,fp32,124,6.2049062e-06,1e-06,iter
128,fp32,fp32,125,6.0685925e-06,1e-06,iter
128,fp32,fp32,126,5.9352533e-06,1e-06,iter
128,fp32,fp32,127,5.8282913e-06,1e-06,iter
128,fp32,fp32,128,5.7819711e-06,1e-06,iter
128,fp32,fp32,129,5.7633583e-06,1e-06,iter
128,fp32,fp32,130,5.6712665e-06,1e-06,iter
128,fp32,fp32,131,5.5271689e-06,1e-06,iter
128,fp32,fp32,132,5.3263766e-06,1e-06,iter
128,fp32,fp32,133,5.166763e-06,1e-06,iter
128,fp32,fp32,134,4.9671426e-06,1e-06,iter
128,fp32,fp32,135,4.799163e-06,1e-06,iter
128,fp32,fp32,136,4.6298192e-06,1e-06,iter
128,fp32,fp32,137,4.4234448e-06,1e-06,iter
128,fp32,fp32,138,4.2896968e-06,1e-06,iter
128,fp32,fp32,139,4.2333218e-06,1e-06,iter
128,fp32,fp32,140,4.1059875e-06,1e-06,iter
128,fp32,fp32,141,4.0160553e-06,1e-06,iter
128,fp32,fp32,142,3.9380739e-06,1e-06,iter
128,fp32,fp32,143,3.8470744e-06,1e-06,iter
128,fp32,fp32,144,3.7854452e-06,1e-06,iter
128,fp32,fp32,145,3.6782194e-06,1e-06,iter
128,fp32,fp32,146,3.6268652e-06,1e-06,iter
128,fp32,fp32,147,3.5463086e-06,1e-06,iter
128,fp32,fp32,148,3.4730724e-06,1e-06,iter
128,fp32,fp32,149,3.4152652e-06,1e-06,iter
128,fp32,fp32,150,3.3490394e-06,1e-06,iter
128,fp32,fp32,151,3.1845441e-06,1e-06,iter
128,fp32,fp32,152,3.0179835e-06,1e-06,iter
128,fp32,fp32,153,2.8722723e-06,1e-06,iter
128,fp32,fp32,154,2.7780859e-06,1e-06,iter
128,fp32,fp32,155,2.6424655e-06,1e-06,iter
128,fp32,fp32,156,2.5091665e-06,1e-06,iter
128,fp32,fp32,157,2.3928083e-06,1e-06,iter
128,fp32,fp32,158,2.3012062e-06,1e-06,iter
128,fp32,fp32,159,2.2434931e-06,1e-06,iter
128,fp32,fp32,160,2.2379008e-06,1e-06,iter
128,fp32,fp32,161,2.2241736e-06,1e-06,iter
128,fp32,fp32,162,2.2127615e-06,1e-06,iter
128,fp32,fp32,163,2.161232e-06,1e-06,iter
128,fp32,fp32,164,2.0686869e-06,1e-06,iter
128,fp32,fp32,165,1.9923789e-06,1e-06,iter
128,fp32,fp32,166,1.9080667e-06,1e-06,iter
128,fp32,fp32,167,1.8454941e-06,1e-06,iter
128,fp32,fp32,168,1.7558183e-06,1e-06,iter
128,fp32,fp32,169,1.6928832e-06,1e-06,iter
128,fp32,fp32,170,1.6242948e-06,1e-06,iter
128,fp32,fp32,171,1.5811585e-06,1e-06,iter
128,fp32,fp32,172,1.5844352e-06,1e-06,iter
128,fp32,fp32,173,1.6066878e-06,1e-06,iter
128,fp32,fp32,174,1.6023903e-06,1e-06,iter
128,fp32,fp32,175,1.588991e-06,1e-06,iter
128,fp32,fp32,176,1.5795382e-06,1e-06,iter
128,fp32,fp32,177,1.5722367e-06,1e-06,iter
128,fp32,fp32,178,1.5557439e-06,1e-06,iter
128,fp32,fp32,179,1.5411089e-06,1e-06,iter
128,fp32,fp32,180,1.5669307e-06,1e-06,iter
128,fp32,fp32,181,1.6218223e-06,1e-06,iter
128,fp32,fp32,182,1.6629217e-06,1e-06,iter
128,fp32,fp32,183,1.7132884e-06,1e-06,iter
128,fp32,fp32,184,1.788368e-06,1e-06,iter
128,fp32,fp32,185,1.8408039e-06,1e-06,iter
128,fp32,fp32,186,1.832921e-06,1e-06,iter
128,fp32,fp32,187,1.7858065e-06,1e-06,iter
128,fp32,fp32,188,1.7271122e-06,1e-06,iter
128,fp32,fp32,189,1.6853184e-06,1e-06,iter
128,fp32,fp32,190,1.6565086e-06,1e-06,iter
128,fp32,fp32,191,1.6548861e-06,1e-06,iter
128,fp32,fp32,192,1.6426513e-06,1e-06,iter
128,fp32,fp32,193,1.6178165e-06,1e-06,iter
128,fp32,fp32,194,1.6105924e-06,1e-06,iter
128,fp32,fp32,195,1.6043539e-06,1e-06,iter
128,fp32,fp32,196,1.6245842e-06,1e-06,iter
128,fp32,fp32,197,1.6228581e-06,1e-06,iter
128,fp32,fp32,198,1.5900739e-06,1e-06,iter
128,fp32,fp32,199,1.5475962e-06,1e-06,iter
128,fp32,fp32,200,1.4947605e-06,1e-06,iter
128,fp32,fp32,201,1.4411318e-06,1e-06,iter
128,fp32,fp32,202,1.4055324e-06,1e-06,iter
128,fp32,fp32,203,1.3814306e-06,1e-06,iter
128,fp32,fp32,204,1.3510163e-06,1e-06,iter
128,fp32,fp32,205,1.3182345e-06,1e-06,iter
128,fp32,fp32,206,1.280172e-06,1e-06,iter
128,fp32,fp32,207,1.2297889e-06,1e-06,iter
128,fp32,fp32,208,1.2176586e-06,1e-06,iter
128,fp32,fp32,209,1.1801048e-06,1e-06,iter
128,fp32,fp32,210,1.1309253e-06,1e-06,iter
128,fp32,fp32,211,1.1031757e-06,1e-06,iter
128,fp32,fp32,212,1.0751015e-06,1e-06,iter
128,fp32,fp32,213,1.0529553e-06,1e-06,iter
128,fp32,fp32,214,1.0456112e-06,1e-06,iter
128,fp32,fp32,215,1.0496889e-06,1e-06,iter
128,fp32,fp32,216,1.0413353e-06,1e-06,iter
128,fp32,fp32,217,1.0265095e-06,1e-06,iter
128,fp32,fp32,218,9.973196e-07,1e-06,iter
128,fp32,fp32,10,0.0045101759,1e-06,true
128,fp32,fp32,20,0.000926851,1e-06,true
128,fp32,fp32,30,0.00033727632,1e-06,true
128,fp32,fp32,40,0.00017437401,1e-06,true
128,fp32,fp32,50,9.4620722e-05,1e-06,true
128,fp32,fp32,60,5.2567608e-05,1e-06,true
128,fp32,fp32,70,3.1588894e-05,1e-06,true
128,fp32,fp32,80,2.3231536e-05,1e-06,true
128,fp32,fp32,90,1.6880855e-05,1e-06,true
128,fp32,fp32,100,1.2010975e-05,1e-06,true
128,fp32,fp32,110,1.0012761e-05,1e-06,true
128,fp32,fp32,120,7.133925e-06,1e-06,true
128,fp32,fp32,130,5.68115e-06,1e-06,true
128,fp32,fp32,140,4.116966e-06,1e-06,true
128,fp32,fp32,150,3.3598653e-06,1e-06,true
128,fp32,fp32,160,2.2572015e-06,1e-06,true
128,fp32,fp32,170,1.6580376e-06,1e-06,true
128,fp32,fp32,180,1.600402e-06,1e-06,true
128,fp32,fp32,190,1.6920558e-06,1e-06,true
128,fp32,fp32,200,1.5412825e-06,1e-06,true
128,fp32,fp32,210,1.1891558e-06,1e-06,true
128,tf32,small,1,0.27838811,0.001,iter
128,tf32,small,2,0.10295497,0.001,iter
128,tf32,small,3,0.054175597,0.001,iter
128,tf32,small,4,0.031375609,0.001,iter
128,tf32,small,5,0.020328058,0.001,iter
128,tf32,small,6,0.013720049,0.001,iter
128,tf32,small,7,0.010044214,0.001,iter
128,tf32,small,8,0.0075861788,0.001,iter
128,tf32,small,9,0.0059499205,0.001,iter
128,tf32,small,10,0.0046305754,0.001,iter
128,tf32,small,11,0.0037045402,0.001,iter
128,tf32,small,12,0.0030692506,0.001,iter
128,tf32,small,13,0.0025983129,0.001,iter
128,tf32,small,14,0.0022425458,0.001,iter
128,tf32,small,15,0.0019456809,0.001,iter
128,tf32,small,16,0.001691835,0.001,iter
128,tf32,small,17,0.0014598911,0.001,iter
128,tf32,small,18,0.0012878721,0.001,iter
128,tf32,small,19,0.0011388047,0.001,iter
128,tf32,small,20,0.0010324548,0.001,iter
128,tf32,small,21,0.00092849456,0.001,iter
128,tf32,small,10,0.086833574,0.001,true
128,tf32,small,20,11.336492,0.001,true
128,tf32,small,1,0.27766952,0.001,iter
128,tf32,small,2,0.10256927,0.001,iter
128,tf32,small,3,0.053909142,0.001,iter
128,tf32,small,4,0.031154407,0.001,iter
128,tf32,small,5,0.02018466,0.001,iter
128,tf32,small,6,0.013592426,0.001,iter
128,tf32,small,7,0.0099721234,0.001,iter
128,tf32,small,8,0.0074863541,0.001,iter
128,tf32,small,9,0.0058249836,0.001,iter
128,tf32,small,10,0.0045101759,0.001,iter
128,tf32,small,11,0.003598863,0.001,iter
128,tf32,small,12,0.0029555017,0.001,iter
128,tf32,small,13,0.0024862394,0.001,iter
128,tf32,small,14,0.0021211028,0.001,iter
128,tf32,small,15,0.0018222821,0.001,iter
128,tf32,small,16,0.0015485337,0.001,iter
128,tf32,small,17,0.0013407866,0.001,iter
128,tf32,small,18,0.0011675293,0.001,iter
128,tf32,small,19,0.0010411793,0.001,iter
128,tf32,small,20,0.00092685031,0.001,iter
128,tf32,small,10,0.0045101759,0.001,true
128,tf32,fp32,1,0.27766952,0.001,iter
128,tf32,fp32,2,0.10256927,0.001,iter
128,tf32,fp32,3,0.053909142,0.001,iter
128,tf32,fp32,4,0.031154407,0.001,iter
128,tf32,fp32,5,0.02018466,0.001,iter
128,tf32,fp32,6,0.013592426,0.001,iter
128,tf32,fp32,7,0.0099721234,0.001,iter
128,tf32,fp32,8,0.0074863541,0.001,iter
128,tf32,fp32,9,0.0058249836,0.001,iter
128,tf32,fp32,10,0.0045101759,0.001,iter
128,tf32,fp32,11,0.003598863,0.001,iter
128,tf32,fp32,12,0.0029555017,0.001,iter
128,tf32,fp32,13,0.0024862394,0.001,iter
128,tf32,fp32,14,0.0021211028,0.001,iter
128,tf32,fp32,15,0.0018222821,0.001,iter
128,tf32,fp32,16,0.0015485337,0.001,iter
128,tf32,fp32,17,0.0013407866,0.001,iter
128,tf32,fp32,18,0.0011675293,0.001,iter
128,tf32,fp32,19,0.0010411793,0.001,iter
128,tf32,fp32,20,0.00092685031,0.001,iter
128,tf32,fp32,10,0.0045101759,0.001,true
128,bfloat16,small,1,0.28238299,0.005,iter
128,bfloat16,small,2,0.10624224,0.005,iter
128,bfloat16,small,3,0.056060497,0.005,iter
128,bfloat16,small,4,0.033378534,0.005,iter
128,bfloat16,small,5,0.021883773,0.005,iter
128,bfloat16,small,6,0.015194408,0.005,iter
128,bfloat16,small,7,0.011186679,0.005,iter
128,bfloat16,small,8,0.0088059306,0.005,iter
128,bfloat16,small,9,0.0069290702,0.005,iter
128,bfloat16,small,10,0.0056633069,0.005,iter
128,bfloat16,small,11,0.0046156081,0.005,iter
128,bfloat16,small,10,4.7863941,0.005,true
128,bfloat16,small,1,0.27766952,0.005,iter
128,bfloat16,small,2,0.10256927,0.005,iter
128,bfloat16,small,3,0.053909142,0.005,iter
128,bfloat16,small,4,0.031154407,0.005,iter
128,bfloat16,small,5,0.02018466,0.005,iter
128,bfloat16,small,6,0.013592426,0.005,iter
128,bfloat16,small,7,0.0099721234,0.005,iter
128,bfloat16,small,8,0.0074863541,0.005,iter
128,bfloat16,small,9,0.0058249836,0.005,iter
128,bfloat16,small,10,0.0045101759,0.005,iter
128,bfloat16,fp32,1,0.27766952,0.005,iter
128,bfloat16,fp32,2,0.10256927,0.005,iter
128,bfloat16,fp32,3,0.053909142,0.005,iter
128,bfloat16,fp32,4,0.031154407,0.005,iter
128,bfloat16,fp32,5,0.02018466,0.005,iter
128,bfloat16,fp32,6,0.013592426,0.005,iter
128,bfloat16,fp32,7,0.0099721234,0.005,iter
128,bfloat16,fp32,8,0.0074863541,0.005,iter
128,bfloat16,fp32,9,0.0058249836,0.005,iter
128,bfloat16,fp32,10,0.0045101759,0.005,iter
128,fp8,small,1,0.31203815,0.2,iter
128,fp8,small,2,0.12759402,0.2,iter
128,fp8,small,1,0.27766952,0.2,iter
128,fp8,small,2,0.10256927,0.2,iter
128,fp8,fp32,1,0.27766952,0.2,iter
128,fp8,fp32,2,0.10256927,0.2,iter
